{
  "gender_exact": 0.7527298344487495,
  "birth_year_exact": 0.04689703808180536,
  "pid_exact": 0.8203812316715543,
  "pid_close1": 0.8665689149560117,
  "pid_close2": 0.9200879765395894,
  "pid_mean_diff": 0.3966275659824047,
  "pid_std_diff": 1.0015003815825052,
  "vote_party_exact": 0.7854156990246168,
  "vote_stay_dem": 0.9253279515640767,
  "vote_stay_rep": 0.9192399049881235,
  "vote_switch": 0.21458430097538317
}